<?xml version="1.0" encoding="UTF-8" standalone="yes"?>
<addon id="repository.blink" name="[COLOR red]B[/COLOR][COLOR blue]lu[/COLOR] [COLOR yellow]n[/COLOR] [COLOR green] k [/COLOR] " version="1.0" provider-name="Chameleon">
        <extension point="xbmc.addon.repository" name="CPTV">
                <info compressed="false">http://cha1m.com/blink/addons.xml</info>
                <checksum>http://cha1m.com/blink/addons.xml.md5</checksum>
                <datadir zip="true">http://cha1m.com/blink/zips</datadir>
        </extension>
        <extension point="xbmc.addon.metadata">
                <summary></summary>
                <description lang="he"></description>
                <disclaimer></disclaimer>
                <platform>all</platform>
        </extension>
</addon>